{
  "61":{
    "winrate":0.6386881601,
    "games":52171,
    "avg_counter_strength":0.3652919527,
    "score":0.5291005743
  },
  "108":{
    "winrate":0.6033842765,
    "games":186155,
    "avg_counter_strength":0.3940123248,
    "score":0.4851805791
  },
  "6":{
    "winrate":0.592047161,
    "games":269036,
    "avg_counter_strength":0.4113541547,
    "score":0.4686409146
  },
  "56":{
    "winrate":0.5829280354,
    "games":159759,
    "avg_counter_strength":0.4247394436,
    "score":0.4555062023
  },
  "77":{
    "winrate":0.5762980998,
    "games":18893,
    "avg_counter_strength":0.4280130545,
    "score":0.4478941835
  },
  "4":{
    "winrate":0.5645652707,
    "games":97808,
    "avg_counter_strength":0.4372157276,
    "score":0.4334005525
  },
  "92":{
    "winrate":0.5628149998,
    "games":21627,
    "avg_counter_strength":0.4447305932,
    "score":0.4293958218
  },
  "20":{
    "winrate":0.5563046472,
    "games":124892,
    "avg_counter_strength":0.4488400922,
    "score":0.4216526195
  },
  "84":{
    "winrate":0.5537910693,
    "games":394638,
    "avg_counter_strength":0.450418646,
    "score":0.4186654755
  },
  "45":{
    "winrate":0.552763002,
    "games":129153,
    "avg_counter_strength":0.4487633153,
    "score":0.4181340074
  },
  "82":{
    "winrate":0.5537807801,
    "games":45890,
    "avg_counter_strength":0.4564552414,
    "score":0.4168442077
  },
  "59":{
    "winrate":0.5503834356,
    "games":65200,
    "avg_counter_strength":0.4518121515,
    "score":0.4148397901
  },
  "47":{
    "winrate":0.5399203913,
    "games":116319,
    "avg_counter_strength":0.4638226162,
    "score":0.4007736065
  },
  "38":{
    "winrate":0.5403944538,
    "games":55317,
    "avg_counter_strength":0.4658631804,
    "score":0.4006354997
  },
  "83":{
    "winrate":0.5381740172,
    "games":151962,
    "avg_counter_strength":0.4618116855,
    "score":0.3996305115
  },
  "48":{
    "winrate":0.5384220848,
    "games":99435,
    "avg_counter_strength":0.4641246644,
    "score":0.3991846854
  },
  "36":{
    "winrate":0.5379790361,
    "games":132323,
    "avg_counter_strength":0.464324174,
    "score":0.3986817839
  },
  "113":{
    "winrate":0.5374757222,
    "games":130778,
    "avg_counter_strength":0.4664994841,
    "score":0.397525877
  },
  "66":{
    "winrate":0.5361901162,
    "games":21166,
    "avg_counter_strength":0.4671137443,
    "score":0.3960559929
  },
  "81":{
    "winrate":0.5355517634,
    "games":87900,
    "avg_counter_strength":0.4682905621,
    "score":0.3950645947
  },
  "80":{
    "winrate":0.5338324595,
    "games":53026,
    "avg_counter_strength":0.4732549099,
    "score":0.3918559866
  },
  "40":{
    "winrate":0.5324832056,
    "games":143351,
    "avg_counter_strength":0.4692706345,
    "score":0.3917020152
  },
  "85":{
    "winrate":0.5290746182,
    "games":137835,
    "avg_counter_strength":0.4719551647,
    "score":0.3874880688
  },
  "8":{
    "winrate":0.5282199711,
    "games":447077,
    "avg_counter_strength":0.4746851491,
    "score":0.3858144263
  },
  "51":{
    "winrate":0.5283107135,
    "games":188109,
    "avg_counter_strength":0.4763721406,
    "score":0.3853990713
  },
  "57":{
    "winrate":0.5253921569,
    "games":30600,
    "avg_counter_strength":0.4755297615,
    "score":0.3827332284
  },
  "32":{
    "winrate":0.5257849208,
    "games":87047,
    "avg_counter_strength":0.4774562619,
    "score":0.3825480422
  },
  "60":{
    "winrate":0.5246783302,
    "games":122719,
    "avg_counter_strength":0.4819440262,
    "score":0.3800951223
  },
  "9":{
    "winrate":0.5237750976,
    "games":291860,
    "avg_counter_strength":0.4809765556,
    "score":0.379482131
  },
  "102":{
    "winrate":0.5227039336,
    "games":67191,
    "avg_counter_strength":0.4821682419,
    "score":0.378053461
  },
  "5":{
    "winrate":0.518626575,
    "games":274205,
    "avg_counter_strength":0.4808495472,
    "score":0.3743717108
  },
  "37":{
    "winrate":0.5187232973,
    "games":127328,
    "avg_counter_strength":0.4827256218,
    "score":0.3739056108
  },
  "18":{
    "winrate":0.518554612,
    "games":297581,
    "avg_counter_strength":0.4826531494,
    "score":0.3737586672
  },
  "73":{
    "winrate":0.5185672034,
    "games":91290,
    "avg_counter_strength":0.4843733668,
    "score":0.3732551934
  },
  "29":{
    "winrate":0.5166427491,
    "games":128915,
    "avg_counter_strength":0.483880794,
    "score":0.3714785109
  },
  "95":{
    "winrate":0.5171043943,
    "games":93894,
    "avg_counter_strength":0.487090201,
    "score":0.370977334
  },
  "52":{
    "winrate":0.5154736476,
    "games":60393,
    "avg_counter_strength":0.4853051992,
    "score":0.3698820878
  },
  "64":{
    "winrate":0.5134575016,
    "games":224373,
    "avg_counter_strength":0.4852657308,
    "score":0.3678777823
  },
  "68":{
    "winrate":0.5137308273,
    "games":127851,
    "avg_counter_strength":0.4868361053,
    "score":0.3676799957
  },
  "3":{
    "winrate":0.5145315325,
    "games":82407,
    "avg_counter_strength":0.4900622127,
    "score":0.3675128687
  },
  "22":{
    "winrate":0.5116595152,
    "games":267078,
    "avg_counter_strength":0.4889801054,
    "score":0.3649654836
  },
  "119":{
    "winrate":0.5106365306,
    "games":108353,
    "avg_counter_strength":0.4909408877,
    "score":0.3633542643
  },
  "104":{
    "winrate":0.5107061822,
    "games":328782,
    "avg_counter_strength":0.4930028308,
    "score":0.362805333
  },
  "46":{
    "winrate":0.5115305298,
    "games":127531,
    "avg_counter_strength":0.5005462991,
    "score":0.3613666401
  },
  "111":{
    "winrate":0.5085772997,
    "games":163513,
    "avg_counter_strength":0.4962613934,
    "score":0.3596988816
  },
  "98":{
    "winrate":0.5071251843,
    "games":115997,
    "avg_counter_strength":0.4923515664,
    "score":0.3594197144
  },
  "15":{
    "winrate":0.5081421818,
    "games":28555,
    "avg_counter_strength":0.497319268,
    "score":0.3589464014
  },
  "55":{
    "winrate":0.5063603291,
    "games":40957,
    "avg_counter_strength":0.4933670152,
    "score":0.3583502246
  },
  "31":{
    "winrate":0.5064755165,
    "games":239672,
    "avg_counter_strength":0.4959880635,
    "score":0.3576790975
  },
  "126":{
    "winrate":0.5051236317,
    "games":228744,
    "avg_counter_strength":0.4997752337,
    "score":0.3551910616
  },
  "27":{
    "winrate":0.5046113085,
    "games":178149,
    "avg_counter_strength":0.4999579349,
    "score":0.354623928
  },
  "89":{
    "winrate":0.5027344707,
    "games":24502,
    "avg_counter_strength":0.4947362014,
    "score":0.3543136102
  },
  "43":{
    "winrate":0.5037165082,
    "games":40495,
    "avg_counter_strength":0.4986181505,
    "score":0.3541310631
  },
  "88":{
    "winrate":0.5031297251,
    "games":61507,
    "avg_counter_strength":0.4976804151,
    "score":0.3538256005
  },
  "100":{
    "winrate":0.5037158014,
    "games":170219,
    "avg_counter_strength":0.5002307522,
    "score":0.3536465757
  },
  "110":{
    "winrate":0.5025421593,
    "games":202387,
    "avg_counter_strength":0.4965435541,
    "score":0.3535790931
  },
  "2":{
    "winrate":0.5030183468,
    "games":228105,
    "avg_counter_strength":0.5008517144,
    "score":0.3527628325
  },
  "109":{
    "winrate":0.5023464147,
    "games":126363,
    "avg_counter_strength":0.5001746722,
    "score":0.352294013
  },
  "101":{
    "winrate":0.5016080565,
    "games":142097,
    "avg_counter_strength":0.5023374893,
    "score":0.3509068097
  },
  "62":{
    "winrate":0.5008458236,
    "games":109952,
    "avg_counter_strength":0.5017422758,
    "score":0.3503231409
  },
  "74":{
    "winrate":0.4997839863,
    "games":446731,
    "avg_counter_strength":0.5020463054,
    "score":0.3491700947
  },
  "28":{  
    "winrate":0.5003033453,
    "games":212629,
    "avg_counter_strength":0.5037877889,
    "score":0.3491670086
  },
  "34":{
    "winrate":0.4977323036,
    "games":101645,